epoch,val_error1,val_error5,val_loss,train_error1,train_error5,train_loss
1,0.9221874999999999,0.73671875,3.837218717734019,0.9472135416666667,0.8056770833333333,3.9476401805877686
2,0.9182812499999999,0.7259895833333334,3.8126162362098692,0.9307552083333334,0.755234375,3.9220974445343018
3,0.9153125,0.7172916666666667,3.7932353842258455,0.9272916666666666,0.7472395833333334,3.8934497833251953
4,0.9113020833333333,0.7112239583333333,3.77440083026886,0.9248958333333334,0.73875,3.781104326248169
5,0.9091927083333333,0.705859375,3.758573865890503,0.9220052083333333,0.7319791666666666,3.9295332431793213
6,0.9067447916666667,0.6988020833333333,3.741549729903539,0.91984375,0.7278385416666666,3.861987829208374
7,0.9046614583333333,0.6915885416666667,3.7251474825541178,0.9169010416666666,0.7229166666666667,3.6709940433502197
8,0.9026302083333333,0.6865625,3.7113955156008402,0.914765625,0.7159895833333334,3.812373399734497
9,0.900390625,0.680703125,3.6962515588601432,0.9133333333333333,0.7145572916666667,3.758521795272827
10,0.8979427083333333,0.677734375,3.6840946737925213,0.9108072916666666,0.7097135416666667,3.59014892578125
11,0.8962760416666666,0.6740885416666667,3.6712642053763074,0.910390625,0.7054427083333333,3.7575314044952393
12,0.8918229166666667,0.6691666666666667,3.6578734850883485,0.9093489583333333,0.7044791666666667,3.599266529083252
13,0.8896875,0.6636458333333333,3.6456672704219817,0.9088020833333333,0.697734375,3.5727484226226807
14,0.888203125,0.6606770833333333,3.6336487110455833,0.9046614583333333,0.6951302083333333,3.9015350341796875
15,0.8851822916666666,0.6561718750000001,3.621024353504181,0.9025260416666667,0.69390625,3.999459981918335
16,0.8822395833333333,0.6529427083333333,3.608982336521149,0.9003125,0.6874218750000001,3.7897045612335205
17,0.8801302083333333,0.646953125,3.5992563048998516,0.899296875,0.6851041666666666,3.547636032104492
18,0.8776822916666667,0.6457552083333333,3.5868502656618753,0.89609375,0.6826302083333333,3.636004686355591
19,0.8758333333333334,0.64109375,3.5773479078213373,0.8960416666666666,0.6775520833333333,3.6129908561706543
20,0.8741145833333334,0.637109375,3.5678326777617135,0.8936979166666666,0.6754947916666667,3.85660982131958
21,0.8719270833333334,0.6338541666666666,3.554978372057279,0.8934635416666666,0.6717447916666667,3.7558202743530273
22,0.8695572916666667,0.6299739583333333,3.542684218287468,0.89078125,0.6697916666666667,3.6463053226470947
23,0.86765625,0.6257552083333333,3.5335806902249653,0.8876041666666666,0.6661197916666667,3.5887179374694824
24,0.8643489583333334,0.6225520833333333,3.5203684457143147,0.8844531250000001,0.6623697916666667,3.7280170917510986
25,0.8626302083333334,0.6199479166666666,3.5106973856687547,0.8860677083333334,0.6619010416666666,3.7278616428375244
26,0.860625,0.6135416666666667,3.501180757681529,0.8840104166666667,0.6570833333333334,3.567606210708618
27,0.8587760416666667,0.6115885416666667,3.4896617446343106,0.8828385416666666,0.655,3.625290632247925
28,0.85703125,0.6063541666666667,3.480224446058273,0.8790885416666667,0.6543229166666666,3.5598597526550293
29,0.8549479166666667,0.6039322916666667,3.4694942955176034,0.87765625,0.6461718750000001,3.698930025100708
30,0.8533333333333333,0.599609375,3.458852409124374,0.8752083333333334,0.6434895833333334,3.691446542739868
31,0.847421875,0.5941927083333334,3.445734402736028,0.8761979166666667,0.644296875,3.3919684886932373
32,0.8478385416666667,0.5929947916666667,3.436620758374532,0.8744010416666667,0.6387239583333333,3.5160470008850098
33,0.8450260416666666,0.58734375,3.4269657800594966,0.871640625,0.632265625,3.4250364303588867
34,0.8435416666666666,0.5838541666666667,3.415890294512113,0.8683072916666666,0.6319270833333333,3.6828160285949707
35,0.8405729166666667,0.57984375,3.4056897056102753,0.868046875,0.6293489583333334,3.474311113357544
36,0.8413541666666666,0.577109375,3.394672095179558,0.8680208333333334,0.625390625,3.698765993118286
37,0.8380989583333334,0.5742708333333333,3.383809792002042,0.8671875,0.6267968749999999,3.56426739692688
38,0.835078125,0.5680989583333333,3.3738165865341823,0.8627083333333333,0.6208854166666666,3.4326508045196533
39,0.8320833333333333,0.5640885416666667,3.3596197309096656,0.8627864583333333,0.614765625,3.5791642665863037
40,0.83,0.561953125,3.3504280918836593,0.85828125,0.6168489583333333,3.4323647022247314
41,0.8277083333333333,0.5590885416666667,3.33656982421875,0.8590625000000001,0.6116145833333333,3.4654436111450195
42,0.82625,0.5564322916666666,3.32973120033741,0.8544010416666666,0.606015625,3.313317060470581
43,0.8245312499999999,0.5515104166666667,3.3143764102458952,0.8553645833333333,0.6028645833333333,3.386606216430664
44,0.8214322916666666,0.5483072916666667,3.305196739236514,0.85328125,0.600546875,3.3919150829315186
45,0.8187239583333333,0.5443489583333334,3.294184596935908,0.849375,0.6011458333333333,3.336902141571045
46,0.8178385416666667,0.5422916666666666,3.2817105642954507,0.8473958333333333,0.595,3.6340150833129883
47,0.8145052083333333,0.5390625,3.2700332307815554,0.84625,0.591796875,3.5175797939300537
48,0.812421875,0.5361979166666666,3.258434792558352,0.8438802083333333,0.59046875,3.3616790771484375
49,0.8101822916666667,0.5334375,3.2511941236257553,0.8449739583333333,0.5854947916666666,3.1136653423309326
50,0.8090364583333334,0.529765625,3.2385228723287582,0.8409114583333334,0.5841927083333334,3.3043813705444336
51,0.8057552083333334,0.5244791666666666,3.2261978644132614,0.8420833333333333,0.5797916666666667,3.40516996383667
52,0.803984375,0.5239583333333333,3.217563433845838,0.8380989583333334,0.5784114583333333,3.1539998054504395
53,0.80171875,0.5190364583333333,3.2063450070222217,0.834453125,0.5738020833333333,3.3392691612243652
54,0.8005729166666666,0.5161458333333333,3.1959813739856084,0.8348697916666666,0.573203125,3.063279867172241
55,0.796640625,0.5134375,3.181989060044289,0.833125,0.5703385416666666,3.564047336578369
56,0.79578125,0.5121875,3.1738947929938632,0.8315885416666666,0.5669010416666667,3.516176700592041
57,0.7930989583333333,0.5083333333333333,3.1620930240551632,0.8317708333333333,0.5627083333333334,3.3295369148254395
58,0.7920833333333334,0.50640625,3.152514261404673,0.82703125,0.5597135416666666,3.3686444759368896
59,0.7883333333333333,0.5033854166666667,3.1416228075822192,0.8278125000000001,0.5602864583333333,3.6862564086914062
60,0.7864583333333334,0.5000781249999999,3.1305883141358692,0.8233072916666666,0.5521354166666667,3.0447683334350586
61,0.786328125,0.49617187500000004,3.119129963517189,0.823125,0.552734375,3.1411311626434326
62,0.7821614583333334,0.49421875000000004,3.1109166820844014,0.822890625,0.5494010416666666,3.469248056411743
63,0.78078125,0.4915625,3.1031962072849275,0.820078125,0.546640625,3.216343402862549
64,0.7781510416666666,0.4881510416666667,3.0908499674002328,0.8172135416666666,0.54390625,3.301816701889038
65,0.7771875,0.485859375,3.080774000485738,0.81703125,0.5412239583333334,3.530339002609253
66,0.775859375,0.4827604166666667,3.071508710583051,0.8148958333333334,0.5402083333333334,3.4700961112976074
67,0.7735416666666667,0.4801302083333333,3.063344522714615,0.8145052083333333,0.5386458333333333,3.2633461952209473
68,0.7708072916666666,0.47901041666666666,3.056691404978434,0.813828125,0.540078125,3.163566827774048
69,0.7705729166666666,0.471953125,3.044306680560112,0.8133072916666666,0.53796875,3.210934638977051
70,0.76890625,0.4719791666666666,3.0355174829562506,0.8094010416666666,0.53375,3.1900341510772705
71,0.7658854166666667,0.46986979166666665,3.02477441350619,0.8091145833333333,0.5301302083333334,3.448237180709839
72,0.763203125,0.46572916666666664,3.017569103439649,0.8070052083333333,0.530703125,3.2309863567352295
73,0.7620833333333333,0.46348958333333334,3.007158925731977,0.8058333333333334,0.52859375,3.344998836517334
74,0.7608854166666666,0.46348958333333334,3.001783223152161,0.8050520833333333,0.5258072916666667,3.326404094696045
75,0.76046875,0.4585416666666666,2.9904161300261816,0.80578125,0.5257031249999999,3.1630921363830566
76,0.75703125,0.45625000000000004,2.98372210085392,0.8012760416666667,0.5196093749999999,3.432776927947998
77,0.7558072916666667,0.45505208333333336,2.9779295124610266,0.8015625,0.5199479166666667,3.108060836791992
78,0.7543229166666667,0.45247395833333337,2.967307680249214,0.79953125,0.5159635416666667,3.159306287765503
79,0.7515625,0.4510677083333333,2.9593031563361487,0.7983854166666666,0.5146875,3.059086322784424
80,0.7508072916666666,0.44901041666666663,2.9515228221813836,0.7990104166666667,0.5168229166666667,3.3227760791778564
81,0.74859375,0.4482552083333333,2.94597307463487,0.7951041666666667,0.5126041666666667,3.0861051082611084
82,0.7471614583333333,0.44356770833333337,2.936740758220355,0.7945833333333333,0.51,3.1098198890686035
83,0.7449739583333334,0.44091145833333334,2.9237348063786825,0.79046875,0.508203125,3.1216237545013428
84,0.7444270833333333,0.4390364583333334,2.9195945290724437,0.791015625,0.5021093750000001,3.0371859073638916
85,0.7440104166666667,0.4381770833333334,2.910949640671412,0.7899739583333334,0.50671875,3.0962727069854736
86,0.7416666666666667,0.43718749999999995,2.905559476216634,0.7916145833333333,0.5073177083333333,3.11848521232605
87,0.7385416666666667,0.43322916666666667,2.8945836597681045,0.788984375,0.5027604166666666,3.040148973464966
88,0.7365885416666667,0.4310677083333333,2.8884511210521064,0.7867968750000001,0.4994270833333333,2.885504961013794
89,0.7357552083333334,0.4306770833333333,2.880791761080424,0.783984375,0.49869791666666663,3.1302361488342285
90,0.7332552083333334,0.4276822916666667,2.87529898862044,0.78109375,0.49807291666666664,2.8729429244995117
91,0.7333072916666667,0.42546874999999995,2.8667596584558486,0.7844010416666667,0.4927604166666667,3.0636868476867676
92,0.731015625,0.4245833333333333,2.8601164106527963,0.7808333333333333,0.48973958333333334,3.1583075523376465
93,0.7301562500000001,0.42260416666666667,2.8532699819405876,0.77859375,0.48921875000000004,2.7519919872283936
94,0.7269270833333333,0.4174479166666667,2.8433638292551042,0.7804427083333334,0.4909114583333334,2.998028039932251
95,0.7258072916666667,0.41593749999999996,2.83134008705616,0.77921875,0.4884114583333333,3.1865999698638916
96,0.7246874999999999,0.413671875,2.8254724133014677,0.7740104166666667,0.48635416666666664,3.259782314300537
97,0.721953125,0.4107291666666667,2.81740357418855,0.7761197916666667,0.486328125,3.476356267929077
98,0.7200260416666666,0.4107291666666667,2.8092368362347284,0.7735677083333333,0.48158854166666665,3.2048544883728027
99,0.718359375,0.41052083333333333,2.8025359427928924,0.7698958333333333,0.479140625,3.1468589305877686
100,0.7170572916666667,0.4048177083333333,2.79502009054025,0.7742447916666666,0.476953125,3.2866549491882324
101,0.715859375,0.40494791666666663,2.7893892057736713,0.7695833333333333,0.47729166666666667,3.2074344158172607
102,0.7110677083333333,0.40364583333333337,2.7793600482741994,0.7670833333333333,0.4738020833333333,2.8803887367248535
103,0.7114322916666667,0.40046875000000004,2.7729182990392047,0.7693229166666666,0.47567708333333336,2.7277910709381104
104,0.7098958333333334,0.3991927083333333,2.764652428726355,0.7683072916666667,0.4721875,3.176579713821411
105,0.70796875,0.39812499999999995,2.759088712930679,0.7625260416666666,0.4685677083333334,2.9201273918151855
106,0.7064583333333334,0.3961979166666667,2.7517324562867485,0.7659374999999999,0.47015625000000005,2.8778650760650635
107,0.702421875,0.3934375,2.743605976998806,0.76359375,0.4707552083333333,2.713677406311035
108,0.7035677083333334,0.39317708333333334,2.737316479384899,0.7601302083333333,0.4619270833333333,2.770914077758789
109,0.7015104166666667,0.39169270833333336,2.7277933626373607,0.7605729166666666,0.46520833333333333,2.8787782192230225
110,0.7000260416666666,0.390859375,2.7227264432112377,0.7594531250000001,0.46372395833333335,2.862809896469116
111,0.6989322916666667,0.38812500000000005,2.7145830958088237,0.75859375,0.46078125000000003,2.8458244800567627
112,0.69875,0.38609375,2.70510885010163,0.7559375,0.4594270833333334,2.8608336448669434
113,0.6966927083333334,0.3868489583333333,2.7079016491770744,0.7576302083333333,0.460703125,3.1595702171325684
114,0.6933854166666666,0.38283854166666664,2.695651533404986,0.7539322916666666,0.4566927083333333,3.015230178833008
115,0.6945833333333333,0.38249999999999995,2.6907025331258776,0.7507552083333333,0.46044270833333334,3.238687753677368
116,0.6929947916666667,0.3786197916666667,2.6798662154873214,0.7543229166666667,0.455703125,3.113464117050171
117,0.6905989583333334,0.37778645833333335,2.6762220100561778,0.7501822916666667,0.45499999999999996,2.779998779296875
118,0.688984375,0.3768229166666667,2.6673556659619013,0.7518489583333333,0.4516927083333333,2.8697595596313477
119,0.6870052083333333,0.3752864583333333,2.659865799744924,0.7503385416666667,0.4535677083333334,2.669036865234375
120,0.6844791666666667,0.3715104166666666,2.6495470147331557,0.745625,0.448125,3.03997540473938
121,0.681015625,0.3697135416666667,2.6427390583356223,0.7470833333333333,0.45138020833333337,3.1610982418060303
122,0.6826822916666666,0.36992187499999996,2.6425639057159422,0.745625,0.446796875,3.08591628074646
123,0.6800260416666667,0.3683854166666667,2.6335931728283564,0.7451041666666667,0.44453125000000004,2.7669835090637207
124,0.678671875,0.36640625000000004,2.627439389626185,0.7409635416666667,0.441796875,2.9510788917541504
125,0.6777864583333333,0.3655208333333333,2.620644649465879,0.738828125,0.4430729166666667,2.8316752910614014
126,0.675234375,0.3631510416666667,2.6120637861887612,0.7379687500000001,0.43960937499999997,2.57119083404541
127,0.6739843750000001,0.3609895833333333,2.6042554981509842,0.7382291666666667,0.4381770833333334,3.012843370437622
128,0.6732291666666667,0.3615625,2.5991475265224775,0.739140625,0.4373177083333334,3.3008780479431152
129,0.6707291666666666,0.35940104166666664,2.5934785429636635,0.7380989583333333,0.43528645833333335,2.8825368881225586
130,0.67078125,0.358515625,2.5898916540543238,0.7315885416666666,0.43505208333333334,3.447439193725586
131,0.6689322916666667,0.3561458333333334,2.5790483740965526,0.7347395833333333,0.43361979166666664,2.9048874378204346
132,0.6672916666666666,0.3543229166666667,2.575947373509407,0.731484375,0.43286458333333333,2.9169135093688965
133,0.6662239583333334,0.35325520833333335,2.5672273672620456,0.7347395833333333,0.43075520833333336,2.9302523136138916
134,0.6629947916666667,0.35010416666666666,2.5557085636258123,0.73125,0.43328124999999995,3.0512571334838867
135,0.6641927083333333,0.34986979166666665,2.5513929600516954,0.729296875,0.428828125,2.5683672428131104
136,0.6619531249999999,0.3499479166666667,2.548217038810253,0.7304947916666666,0.4282552083333333,2.8104474544525146
137,0.6602343749999999,0.34619791666666666,2.536983128786087,0.72765625,0.42528645833333334,2.679121971130371
138,0.6579947916666666,0.3440885416666667,2.532403351068497,0.7259375,0.4228645833333333,2.9335265159606934
139,0.6553645833333333,0.34265625,2.5227019121249517,0.7219270833333333,0.4227864583333333,2.7159135341644287
140,0.6546093749999999,0.3440364583333333,2.5211247777938843,0.725625,0.42317708333333337,2.84161114692688
141,0.6526041666666667,0.34049479166666663,2.5115751111507416,0.7230989583333334,0.422578125,2.7418739795684814
142,0.6509375,0.33786458333333336,2.5032052461306256,0.7225260416666667,0.4190104166666667,2.9081039428710938
143,0.6513020833333334,0.3372135416666666,2.495674762527148,0.720078125,0.417109375,2.468491315841675
144,0.6512760416666667,0.3379947916666667,2.4998516818881034,0.7190885416666667,0.4158333333333334,2.724358081817627
145,0.6483854166666667,0.33546875,2.485301867723465,0.71953125,0.41708333333333336,3.1472742557525635
146,0.6470833333333333,0.3334635416666667,2.4799932344754536,0.717265625,0.4102083333333333,2.9027514457702637
147,0.64609375,0.3325520833333333,2.473616211116314,0.7166666666666667,0.412578125,2.781770706176758
148,0.6422916666666667,0.3308333333333333,2.4650651187698047,0.7129947916666667,0.4130208333333333,2.76123309135437
149,0.643046875,0.33033854166666665,2.4622490937511126,0.714296875,0.411484375,2.658723831176758
150,0.6384895833333333,0.3309375,2.4550186347961427,0.7161979166666667,0.4081510416666667,3.005277633666992
151,0.6381510416666667,0.3270833333333333,2.44802165389061,0.7110937500000001,0.4080729166666667,2.976647138595581
152,0.6380208333333333,0.326171875,2.439836014509201,0.7114322916666667,0.40518229166666664,2.6122820377349854
153,0.6360677083333333,0.32286458333333334,2.432722433805466,0.7086979166666667,0.406015625,3.0753633975982666
154,0.635859375,0.32419270833333336,2.4307839051882425,0.7066145833333333,0.4076822916666667,2.4971354007720947
155,0.63375,0.3231770833333333,2.427048968275388,0.7078645833333334,0.40679687499999995,2.494925022125244
156,0.6321614583333333,0.3216927083333333,2.4242343261837958,0.7077864583333333,0.40270833333333333,2.8336305618286133
157,0.63109375,0.3186979166666667,2.4110593860348066,0.7048697916666666,0.4013541666666667,2.3443257808685303
158,0.6308854166666666,0.31815104166666663,2.4079939543207485,0.7039583333333334,0.40041666666666664,2.377229928970337
159,0.6294791666666666,0.318359375,2.4022612248857818,0.7010677083333333,0.4005729166666666,2.7844760417938232
160,0.6259895833333333,0.3139322916666667,2.3886952975392344,0.6986458333333334,0.39453125,2.8604495525360107
161,0.6241145833333333,0.31343750000000004,2.3846122559408345,0.7007291666666666,0.3957291666666667,2.5247764587402344
162,0.6245833333333333,0.31143229166666664,2.379118135869503,0.7013281250000001,0.3961979166666667,2.8098418712615967
163,0.6216145833333333,0.30942708333333335,2.372116303443909,0.7016145833333334,0.39341145833333335,2.450878858566284
164,0.6210416666666667,0.3119791666666667,2.369281432231267,0.6983072916666666,0.39294270833333333,2.806274890899658
165,0.6197135416666666,0.3099739583333333,2.3663204819957415,0.6916666666666667,0.38869791666666664,2.833282709121704
166,0.6190104166666667,0.3077864583333333,2.359224301377932,0.6950260416666667,0.3883854166666667,2.7931833267211914
167,0.6163802083333334,0.3069791666666667,2.3506123853723206,0.6958333333333333,0.38703125000000005,2.7201874256134033
168,0.6136979166666667,0.3042708333333334,2.3411265499393146,0.6943229166666667,0.38749999999999996,2.715181350708008
169,0.6133333333333333,0.3034895833333333,2.335651266674201,0.6918229166666667,0.38721354166666666,2.7855122089385986
170,0.6123697916666666,0.3028645833333333,2.331922947764397,0.688203125,0.3823958333333334,2.9005963802337646
171,0.6111197916666666,0.30098958333333337,2.326318589448929,0.6868229166666666,0.38411458333333337,2.635648012161255
172,0.60875,0.3004427083333333,2.3212424024939535,0.6868489583333333,0.3863020833333334,2.77154803276062
173,0.6072656249999999,0.299453125,2.310729997754097,0.6859895833333334,0.37854166666666667,2.643446445465088
174,0.60703125,0.29625,2.307116379737854,0.6876041666666667,0.38440104166666667,2.669696092605591
175,0.6057552083333333,0.2969270833333333,2.3032025631268818,0.6875781249999999,0.3815364583333334,2.852940320968628
176,0.6048177083333333,0.2953385416666666,2.2966500758131345,0.6861979166666667,0.3805729166666667,2.811535596847534
177,0.6045833333333333,0.2927864583333334,2.2912229438622793,0.6828645833333333,0.37710937499999997,2.4693191051483154
178,0.6028385416666666,0.291640625,2.284195499718189,0.6825,0.37283854166666663,2.5505173206329346
179,0.5996614583333333,0.2894791666666666,2.277353966534138,0.6820052083333333,0.37671875,2.437594413757324
180,0.6005989583333333,0.2901041666666667,2.2755128491918244,0.6776822916666667,0.374140625,2.337491035461426
181,0.5975260416666667,0.288203125,2.2652868875861167,0.68046875,0.3728645833333334,2.437382459640503
182,0.5954166666666667,0.28598958333333335,2.2601426179210344,0.682421875,0.37307291666666664,2.605380058288574
183,0.596484375,0.2861458333333333,2.2563402983546257,0.6774479166666667,0.370625,2.62388277053833
184,0.5945833333333334,0.2837760416666667,2.250860200772683,0.6763020833333333,0.36992187499999996,2.7929389476776123
185,0.5940885416666667,0.2828125,2.244312932540973,0.6758593749999999,0.3706510416666666,2.879409074783325
186,0.5926302083333334,0.2806770833333333,2.2369697952270506,0.6776822916666667,0.37044270833333337,3.0734970569610596
187,0.5908072916666667,0.2811979166666667,2.2361918998758,0.6717968750000001,0.3632291666666667,2.4638142585754395
188,0.5909635416666666,0.27893229166666667,2.22888022094965,0.671484375,0.3694270833333333,2.6475260257720947
189,0.59046875,0.2794010416666667,2.2263710644344488,0.672734375,0.3672916666666667,2.755065679550171
190,0.5860677083333333,0.27669270833333337,2.2186057514448962,0.672265625,0.36697916666666663,2.548084259033203
191,0.5863020833333333,0.27437500000000004,2.207636083761851,0.67296875,0.36468750000000005,2.7698915004730225
192,0.5851302083333334,0.2758072916666666,2.2060712696115177,0.6684635416666667,0.36124999999999996,2.4830005168914795
193,0.5860156249999999,0.2746354166666667,2.2028392105797927,0.6696093750000001,0.3597135416666667,2.643475294113159
194,0.5824739583333334,0.27364583333333337,2.194265102247397,0.66859375,0.3580989583333334,2.7055273056030273
195,0.5823958333333333,0.27208333333333334,2.189861013193925,0.6639322916666667,0.35888020833333334,2.702911138534546
196,0.5804166666666667,0.27127604166666663,2.1840522158145905,0.6632552083333334,0.3555208333333333,2.450355291366577
197,0.5784374999999999,0.2693489583333334,2.180939343521992,0.6639583333333333,0.3575260416666667,2.302065372467041
198,0.578984375,0.2678645833333333,2.176903065244357,0.6622395833333333,0.35765625,2.6498630046844482
199,0.5770833333333334,0.2658072916666666,2.168018143475056,0.6640104166666667,0.35757812499999997,2.7351040840148926
200,0.5727083333333334,0.26335937499999995,2.1620196313162645,0.6580729166666667,0.3492708333333333,2.5546605587005615
201,0.5740104166666666,0.2640885416666666,2.1580143441756565,0.6625260416666667,0.3516666666666667,2.5245094299316406
202,0.5725260416666667,0.2626302083333333,2.1546722128987312,0.6576822916666667,0.351171875,3.232020139694214
203,0.5718489583333333,0.2622916666666667,2.14726698572437,0.6585677083333333,0.351171875,2.5402631759643555
204,0.5726822916666667,0.26312500000000005,2.1501240945855775,0.6565364583333333,0.348125,2.6832528114318848
205,0.56921875,0.26078124999999996,2.1392340528964997,0.6580208333333333,0.3501822916666667,2.7333807945251465
206,0.5684635416666667,0.2581510416666667,2.129280207951864,0.6565104166666667,0.3494791666666667,2.407782793045044
207,0.5663802083333334,0.2586197916666667,2.1311651668449243,0.655546875,0.3521875,2.6854541301727295
208,0.5653645833333334,0.25679687500000004,2.1178805657724538,0.6493229166666667,0.3444270833333334,2.5909600257873535
209,0.5626041666666667,0.25671875,2.1145332143704096,0.65484375,0.34744791666666663,2.387408971786499
210,0.5609114583333333,0.25406249999999997,2.1091902333498003,0.6540625,0.34463541666666664,2.512742519378662
211,0.5616145833333333,0.25406249999999997,2.1089343841870627,0.652109375,0.3448958333333333,2.748363971710205
212,0.5589583333333333,0.25255208333333334,2.097068789402644,0.6493229166666667,0.3434114583333333,2.4165000915527344
213,0.5586458333333333,0.2524739583333333,2.097148991028468,0.6494270833333333,0.3419010416666667,2.237732410430908
214,0.5578645833333333,0.25088541666666664,2.0922668291131656,0.6482552083333333,0.34067708333333335,2.508498191833496
215,0.5545312499999999,0.24773437499999995,2.0792474632461864,0.64671875,0.33963541666666663,2.7914977073669434
216,0.5536979166666667,0.24893229166666664,2.0813518417378267,0.6462760416666666,0.34049479166666663,2.5470972061157227
217,0.5519010416666666,0.24807291666666664,2.07131914049387,0.6398697916666667,0.3368489583333333,2.225191354751587
218,0.5528906250000001,0.245234375,2.065653716971477,0.64140625,0.3390885416666667,2.46927809715271
219,0.5496875,0.24520833333333336,2.0605624635517596,0.6427083333333333,0.3377864583333333,2.688129425048828
220,0.5509114583333333,0.24460937500000002,2.060163899809122,0.6423697916666666,0.335703125,2.6814346313476562
221,0.5485156250000001,0.24502604166666664,2.053154450406631,0.6403645833333333,0.33325520833333333,2.3711650371551514
222,0.5463802083333333,0.24187499999999995,2.0466266090671223,0.6389843749999999,0.33309895833333336,2.591628313064575
223,0.547109375,0.2415625,2.045520067960024,0.6388020833333333,0.3341145833333333,2.49444842338562
224,0.5445833333333333,0.24028645833333329,2.039702467421691,0.640078125,0.33143229166666666,2.003077268600464
225,0.545546875,0.2394791666666667,2.038845788836479,0.6390885416666667,0.33218749999999997,2.4506473541259766
226,0.5402604166666667,0.23921875000000004,2.027544339795907,0.6342447916666667,0.328359375,2.505139112472534
227,0.5422916666666666,0.23791666666666667,2.0255109252532324,0.635390625,0.3310416666666667,2.403287887573242
228,0.54015625,0.23453124999999997,2.01326486364007,0.635234375,0.3260677083333333,2.077253580093384
229,0.5379947916666667,0.23671874999999998,2.0119327316681543,0.6305208333333333,0.32703125,2.375347137451172
230,0.5373958333333333,0.233515625,2.005939228832722,0.630078125,0.32484375,2.467543363571167
231,0.5370572916666667,0.2331770833333333,2.0076861089468,0.6286979166666666,0.3266145833333334,2.286050796508789
232,0.5374739583333333,0.23658854166666665,2.0061547719935575,0.6330208333333334,0.3267447916666667,2.5878746509552
233,0.535390625,0.2321354166666667,1.9928325247267882,0.6275260416666666,0.3223958333333333,2.513411283493042
234,0.53453125,0.231796875,1.990414007951816,0.6296614583333333,0.3230729166666667,2.398019790649414
235,0.5328906250000001,0.23101562499999995,1.9841162278254827,0.6251562500000001,0.3243229166666667,2.205749750137329
236,0.5309635416666667,0.22812500000000002,1.9747868858277797,0.6272395833333333,0.31838541666666664,2.2652926445007324
237,0.53078125,0.22705729166666666,1.9734096249938011,0.6272916666666667,0.32015625000000003,2.770862579345703
238,0.530703125,0.2269010416666667,1.965792710930109,0.6211979166666667,0.31575520833333337,2.794942855834961
239,0.5270052083333333,0.22562499999999996,1.9569916637738545,0.6246354166666667,0.3157291666666666,2.240614891052246
240,0.5273958333333333,0.22601562500000005,1.9627775826553504,0.6224479166666667,0.3190364583333334,2.4570083618164062
241,0.5266145833333333,0.2243229166666667,1.9540547015269598,0.6228385416666666,0.3168229166666666,2.1558351516723633
242,0.524921875,0.22315104166666666,1.9521193440258502,0.62421875,0.31929687500000004,2.6571638584136963
243,0.5216145833333333,0.22276041666666668,1.9417125791311265,0.6177864583333333,0.3128385416666667,2.3039143085479736
244,0.520546875,0.22135416666666663,1.9337920167545477,0.622578125,0.31408854166666667,2.115417957305908
245,0.520703125,0.22005208333333337,1.9317749205728372,0.6159114583333334,0.3121614583333333,2.3874213695526123
246,0.5171354166666666,0.2203645833333333,1.9295158838232358,0.6186458333333333,0.31296875,2.034550189971924
247,0.5202083333333334,0.21997395833333333,1.9252086303631464,0.6169010416666667,0.3142708333333334,2.7718350887298584
248,0.5150520833333334,0.21695312499999997,1.9160919144252937,0.6168489583333333,0.31028645833333335,2.2302470207214355
249,0.5145833333333334,0.21825520833333334,1.9153075247506302,0.614453125,0.3092708333333334,2.164994955062866
250,0.5146354166666667,0.2173697916666667,1.9125544855991998,0.613671875,0.30828124999999995,2.1718180179595947
251,0.5130989583333334,0.21499999999999997,1.9000613401830195,0.6118489583333333,0.3100260416666667,2.5893871784210205
252,0.510625,0.215078125,1.8961854030191898,0.6123177083333333,0.3096875,2.4566009044647217
253,0.51171875,0.2136458333333333,1.891328359991312,0.6127864583333333,0.3073958333333333,2.343639612197876
254,0.5082552083333334,0.21205729166666665,1.885890501141548,0.6100260416666667,0.3058333333333333,2.483706474304199
255,0.5078645833333333,0.21299479166666668,1.8907303098837536,0.6109375,0.3037760416666667,2.5492968559265137
256,0.5074479166666667,0.21281249999999996,1.884888705511888,0.6127864583333333,0.3086979166666667,2.257314682006836
257,0.5069270833333333,0.21057291666666667,1.8746371226509413,0.6095833333333334,0.30533854166666663,2.14752197265625
258,0.5048958333333333,0.20971354166666667,1.8727220217386882,0.6101822916666666,0.30156249999999996,2.379472494125366
259,0.50234375,0.2084635416666667,1.8608544271687666,0.6037239583333334,0.30070312499999996,2.3072845935821533
260,0.5051041666666667,0.20919270833333337,1.869839769899845,0.60484375,0.30242187499999995,2.1492886543273926
261,0.50234375,0.20661458333333338,1.8582325246433418,0.6065625,0.301640625,2.2922842502593994
262,0.500546875,0.20695312499999996,1.8514657979706923,0.6030989583333333,0.2992447916666666,2.250331401824951
263,0.5010416666666666,0.20640625,1.852106801023086,0.5987760416666666,0.3010677083333333,2.3300023078918457
264,0.4978645833333334,0.2043229166666667,1.8419119923810163,0.600078125,0.2974479166666667,2.224992036819458
265,0.4967708333333334,0.20447916666666666,1.8343417280415695,0.5995312500000001,0.2931510416666666,2.484013795852661
266,0.4957552083333333,0.20184895833333338,1.8311361814041933,0.6001041666666667,0.29557291666666663,2.367518424987793
267,0.495,0.20190104166666667,1.8293134695788225,0.6019791666666667,0.2989322916666667,2.398214340209961
268,0.49434895833333337,0.2009375,1.8196246553957462,0.5982291666666666,0.29421875,1.8481768369674683
269,0.4921875,0.19815104166666664,1.8153388466437657,0.5988020833333334,0.295546875,2.041780471801758
270,0.4929427083333333,0.20013020833333328,1.82172086601456,0.5984375,0.2911197916666667,2.016226053237915
271,0.490703125,0.19781249999999995,1.8072034693260988,0.5951302083333334,0.2930989583333333,2.201216220855713
272,0.4884635416666666,0.19736979166666668,1.799172784338395,0.5932552083333333,0.29276041666666663,2.0858652591705322
273,0.48997395833333335,0.19742187499999997,1.8006160809844731,0.59296875,0.28971354166666663,2.0343220233917236
274,0.48812500000000003,0.19666666666666666,1.7955755070845285,0.591796875,0.29065104166666667,2.0553841590881348
275,0.48531250000000004,0.19351562499999997,1.785346300676465,0.5920572916666667,0.2903385416666666,2.2975223064422607
276,0.4858854166666666,0.19328124999999996,1.7825152082244555,0.5913541666666666,0.28747395833333333,2.1220667362213135
277,0.48458333333333337,0.19374999999999998,1.7819924516479175,0.5916666666666667,0.2881510416666667,1.794316053390503
278,0.48039062499999996,0.1922135416666667,1.7743919610977172,0.5905208333333334,0.2861458333333333,2.0807950496673584
279,0.4836979166666666,0.19294270833333338,1.774057964955767,0.5868229166666667,0.2841927083333333,2.2378737926483154
280,0.48171875,0.19151041666666668,1.7692512180656195,0.5893229166666667,0.28640625,2.3390767574310303
281,0.4792708333333333,0.1888802083333333,1.75661220540603,0.588125,0.28450520833333337,2.496934175491333
282,0.47835937500000003,0.188359375,1.7572258593390386,0.5869010416666667,0.28515625,2.1915509700775146
283,0.47648437499999996,0.18958333333333333,1.7551826010892788,0.5862499999999999,0.2837239583333333,2.2362120151519775
284,0.4753645833333333,0.18763020833333333,1.7506683699786663,0.5823697916666667,0.28013020833333335,2.1435093879699707
285,0.47328125,0.18575520833333337,1.7429659062623977,0.5846354166666667,0.27898437499999995,2.019111156463623
286,0.47492187500000005,0.18609374999999995,1.750340079093973,0.5838802083333333,0.28015625,2.094574213027954
287,0.47200520833333337,0.18651041666666668,1.7382227527101834,0.5827604166666667,0.281640625,2.2095131874084473
288,0.471953125,0.18614583333333334,1.736826217447718,0.5802343750000001,0.2811197916666667,2.3175671100616455
289,0.46796875000000004,0.18098958333333337,1.7180749930689732,0.581171875,0.2791666666666667,1.7131298780441284
290,0.46828125,0.18153645833333332,1.7206849136203528,0.5782552083333333,0.27671875,2.328638792037964
291,0.4662239583333333,0.17981770833333333,1.7107152830561,0.5770833333333334,0.2730208333333334,2.0618090629577637
292,0.46510416666666665,0.18078125,1.714989740649859,0.5782552083333333,0.27851562500000004,2.53894305229187
293,0.464453125,0.1813020833333333,1.7083307187259198,0.5780208333333333,0.2775260416666666,2.330836534500122
294,0.465703125,0.18023437499999995,1.7096163623283307,0.57296875,0.2761458333333333,1.8862489461898804
295,0.46177083333333335,0.1784895833333333,1.6984520551313957,0.5748697916666667,0.2749739583333334,1.9283337593078613
296,0.4605989583333333,0.17700520833333333,1.6903127140551806,0.5712239583333334,0.274765625,1.7695142030715942
297,0.4627864583333333,0.1769270833333333,1.6897257080177466,0.5750260416666666,0.2726822916666667,2.048802614212036
298,0.46171874999999996,0.17783854166666668,1.6915060216436784,0.5715885416666666,0.273046875,2.0553648471832275
299,0.46015625000000004,0.1750260416666667,1.6788589090108872,0.5761979166666666,0.2736197916666666,2.0212860107421875
300,0.45671874999999995,0.1743489583333333,1.6748691217849652,0.5715625,0.2719010416666666,2.0152337551116943
301,0.4555989583333333,0.17234375000000002,1.6655371849735578,0.5666927083333333,0.26671875,2.435263156890869
302,0.4534114583333333,0.17208333333333337,1.660913658440113,0.571171875,0.27164062499999997,2.230694532394409
303,0.45265625,0.17156249999999995,1.663744432379802,0.5677604166666667,0.266015625,2.108873128890991
304,0.45486979166666663,0.17200520833333333,1.656088343138496,0.5652604166666666,0.26742187500000003,2.3667843341827393
305,0.4519791666666667,0.16979166666666667,1.6534378427267074,0.5669270833333333,0.2678645833333333,2.3648955821990967
306,0.45263020833333334,0.16856770833333334,1.6494789488365253,0.5672395833333334,0.26651041666666664,2.1687355041503906
307,0.450078125,0.16927083333333337,1.6446944201985996,0.5644270833333334,0.26450520833333335,2.433483123779297
308,0.4471354166666667,0.16692708333333328,1.6396810423582793,0.5635677083333333,0.2649479166666666,2.235572338104248
309,0.4466927083333333,0.16674479166666667,1.629739874502023,0.561171875,0.26484375000000004,1.9984320402145386
310,0.44421875,0.16609375000000004,1.6274952698747318,0.5602604166666667,0.26398437500000005,1.952815294265747
311,0.4409895833333334,0.16416666666666668,1.6231907833864292,0.5596875,0.2635677083333333,1.9717329740524292
312,0.44148437500000004,0.16515625,1.6217598288257917,0.5568489583333334,0.2601041666666667,2.043407678604126
313,0.4403645833333333,0.1629166666666667,1.613283778205514,0.5586718749999999,0.2596614583333333,2.2770516872406006
314,0.44062500000000004,0.1632552083333333,1.6124975954492886,0.5583854166666666,0.260859375,2.2320029735565186
315,0.43947916666666664,0.16171875000000002,1.6061944698294004,0.5594270833333334,0.25854166666666667,2.2306222915649414
316,0.4384114583333333,0.16031249999999997,1.6062122903515894,0.557421875,0.2588020833333333,2.154066324234009
317,0.4354427083333333,0.16010416666666671,1.5934280247737964,0.556015625,0.2605729166666667,2.5397231578826904
318,0.4379427083333334,0.1604947916666667,1.6001654537270467,0.555078125,0.25765625000000003,2.5283172130584717
319,0.4341666666666667,0.16028645833333333,1.589382499679923,0.5573958333333333,0.26036458333333334,1.853036880493164
320,0.4331510416666666,0.15734375,1.5864921618501346,0.5534895833333333,0.25406249999999997,2.1724305152893066
321,0.4323958333333333,0.15630208333333329,1.5761136657744645,0.5524218750000001,0.25888020833333336,2.006118059158325
322,0.42966145833333336,0.15531249999999996,1.5736198318998018,0.5551302083333334,0.25716145833333337,1.8917489051818848
323,0.42932291666666667,0.15578124999999998,1.5712092365076145,0.54796875,0.25140625000000005,2.481398344039917
324,0.42947916666666663,0.15466145833333333,1.563879343867302,0.5524479166666667,0.2528645833333333,1.8925402164459229
325,0.4256770833333333,0.15416666666666667,1.5594651630769174,0.5463802083333333,0.2520052083333333,1.7574530839920044
326,0.42734375,0.15276041666666662,1.5591592208296061,0.5501302083333333,0.2542447916666667,2.064771890640259
327,0.42880208333333336,0.153203125,1.5580412755658228,0.5478125,0.2534375,2.4565093517303467
328,0.4242447916666666,0.15197916666666667,1.5522159448017676,0.5434375,0.2508072916666667,2.1731557846069336
329,0.42333333333333334,0.15174479166666666,1.5440592900911967,0.5463020833333334,0.25078124999999996,1.8567276000976562
330,0.42414062500000005,0.15242187500000004,1.5478914313763381,0.5461979166666666,0.247421875,2.3839616775512695
331,0.4204427083333333,0.15028645833333332,1.5347429559379817,0.5426302083333333,0.2525260416666667,2.1747798919677734
332,0.41822916666666665,0.14846354166666664,1.530941860874494,0.5446093750000001,0.2472395833333333,2.4450502395629883
333,0.42007812499999997,0.1486197916666666,1.5322057568778595,0.541796875,0.24903645833333332,2.266266345977783
334,0.41781250000000003,0.1468229166666667,1.5205375357468922,0.5440104166666666,0.24807291666666664,2.3572540283203125
335,0.41565104166666667,0.14664062499999997,1.5162264656523863,0.541875,0.2455729166666667,2.0004756450653076
336,0.41333333333333333,0.14531249999999996,1.508948581442237,0.5409114583333333,0.24549479166666666,1.7749638557434082
337,0.414765625,0.14494791666666662,1.510041417007645,0.5381770833333333,0.24416666666666664,2.0812127590179443
338,0.4126822916666667,0.14520833333333338,1.5062439149369795,0.5409375000000001,0.24375000000000002,2.0548415184020996
339,0.41018229166666664,0.14375000000000004,1.5025881211459637,0.538828125,0.2449479166666667,1.741142988204956
340,0.41065104166666666,0.1443489583333334,1.504801763097445,0.5374218749999999,0.24164062500000005,1.8078347444534302
341,0.4110677083333333,0.14263020833333329,1.49707988816003,0.5374479166666667,0.2433854166666667,1.9271652698516846
342,0.41104166666666664,0.14294270833333333,1.4918449204415083,0.5320052083333333,0.24239583333333337,2.1704506874084473
343,0.4083854166666666,0.142578125,1.4906491266687711,0.5372395833333333,0.24231770833333333,1.8496085405349731
344,0.4061458333333333,0.1411979166666667,1.4836132478465636,0.5365885416666667,0.24059895833333333,1.7725831270217896
345,0.40445312499999997,0.14031249999999995,1.4782725463062525,0.5332812499999999,0.23981770833333338,2.0899112224578857
346,0.40335937499999996,0.13992187499999997,1.4747696288923422,0.5373958333333333,0.24072916666666666,1.5824556350708008
347,0.4029166666666667,0.13927083333333334,1.4698673108468454,0.5303125,0.23919270833333328,1.929267406463623
348,0.403046875,0.138046875,1.4676877124607564,0.530390625,0.24054687500000005,1.8614654541015625
349,0.40122395833333335,0.13828125000000002,1.4603669945398967,0.5307552083333333,0.23984375000000002,1.9015334844589233
350,0.3991145833333334,0.13541666666666663,1.4499431065718333,0.5298177083333333,0.23869791666666662,1.9957752227783203
351,0.3984895833333333,0.13455729166666663,1.4510557308048009,0.5296093749999999,0.23875000000000002,2.229264497756958
352,0.39789062500000005,0.13598958333333333,1.4518452413380145,0.529765625,0.23838541666666668,1.9403338432312012
353,0.3969010416666666,0.1359114583333333,1.451233450671037,0.52296875,0.2345572916666666,1.561399221420288
354,0.3960677083333334,0.13479166666666664,1.4439426919072866,0.5265104166666666,0.2379427083333333,2.2000207901000977
355,0.3952864583333333,0.135,1.4343093427519003,0.5236458333333334,0.23372395833333337,2.0227270126342773
356,0.3921354166666666,0.133046875,1.4319024999936423,0.526484375,0.23630208333333336,2.038090705871582
357,0.388671875,0.13013020833333333,1.4203252349793911,0.5228645833333334,0.23091145833333337,1.7963333129882812
358,0.39179687500000004,0.1306770833333334,1.4249552216629187,0.5212239583333333,0.2315625,1.9983253479003906
359,0.3928645833333333,0.1305208333333333,1.417051126435399,0.522578125,0.23085937499999998,2.083054304122925
360,0.3895833333333333,0.12945312499999995,1.4150984322528044,0.5228125,0.23255208333333333,2.017493963241577
361,0.3922916666666667,0.13187499999999996,1.4237918039411306,0.5221354166666667,0.23088541666666662,1.7768110036849976
362,0.3885677083333333,0.12981770833333328,1.414294044872125,0.5210677083333333,0.231328125,1.8950506448745728
363,0.3866145833333333,0.1280989583333333,1.41062592027088,0.5210677083333333,0.232421875,1.7467517852783203
364,0.3856770833333333,0.128046875,1.4030940324813128,0.518515625,0.22963541666666665,2.0082430839538574
365,0.38674479166666664,0.128046875,1.3972079396992922,0.5206510416666666,0.23138020833333328,1.8315380811691284
366,0.385390625,0.12773437499999996,1.3950228662540516,0.5156770833333333,0.2258072916666667,1.9390244483947754
367,0.38255208333333335,0.12627604166666662,1.387306288133065,0.5170052083333334,0.22744791666666664,1.6856290102005005
368,0.3823697916666666,0.12572916666666667,1.3818450119098027,0.5146875,0.22710937499999995,1.9277396202087402
369,0.3826302083333334,0.12624999999999997,1.3923049996048211,0.5144791666666666,0.22838541666666667,2.1723499298095703
370,0.3815364583333334,0.12281249999999999,1.375376107816895,0.5159635416666667,0.22651041666666671,1.8184994459152222
371,0.3780989583333333,0.12286458333333339,1.3683396388590336,0.5108854166666666,0.22651041666666671,2.104142665863037
372,0.37783854166666664,0.12309895833333329,1.3660280843575796,0.5107291666666667,0.22291666666666665,1.7373780012130737
373,0.3761458333333333,0.12307291666666664,1.3649123564362526,0.5097916666666666,0.22471354166666668,1.9772931337356567
374,0.37588541666666664,0.12234374999999997,1.3643593724568686,0.510234375,0.220703125,2.0235304832458496
375,0.37450520833333334,0.12179687500000003,1.3585483571266135,0.5109114583333334,0.223515625,1.7977356910705566
376,0.3739583333333333,0.12268229166666667,1.3526576352864503,0.5116666666666667,0.22020833333333334,1.6905421018600464
377,0.3715625,0.11989583333333331,1.3443314275642235,0.5097135416666667,0.22263020833333336,1.5595742464065552
378,0.3709635416666667,0.11919270833333329,1.3458764922370514,0.5053125,0.2212239583333333,2.0683627128601074
379,0.3708072916666667,0.11927083333333333,1.3403109496831893,0.5075000000000001,0.21786458333333336,1.7001692056655884
380,0.36835937500000004,0.11812500000000004,1.3406265631318093,0.5051302083333333,0.22101562500000005,2.0084168910980225
381,0.3679427083333333,0.11851562500000001,1.332993870874246,0.5042447916666667,0.218515625,1.916649341583252
382,0.364609375,0.11736979166666661,1.3279417220751444,0.5039843749999999,0.22010416666666666,1.920841932296753
383,0.3654166666666666,0.11726562500000004,1.3239485654483238,0.5064322916666666,0.21958333333333335,2.1747241020202637
384,0.362578125,0.11622395833333332,1.3182064497470856,0.5029427083333333,0.21703125,2.1691935062408447
385,0.36507812500000003,0.11687499999999995,1.3198013946662346,0.4994791666666667,0.21973958333333332,1.9022836685180664
386,0.3636979166666666,0.11533854166666668,1.3162523463865121,0.5014583333333333,0.21763020833333335,1.8203808069229126
387,0.36187499999999995,0.1138020833333333,1.306813338175416,0.5009895833333333,0.21135416666666662,2.041267156600952
388,0.3604166666666667,0.11296874999999995,1.3031678256889185,0.5000781249999999,0.21601562500000004,1.629058599472046
389,0.359140625,0.11401041666666667,1.2997694234053294,0.4974739583333333,0.21205729166666665,1.8257049322128296
390,0.35963541666666665,0.11174479166666662,1.2939539264887572,0.4966666666666667,0.21575520833333328,2.130964517593384
391,0.3573177083333333,0.11143229166666668,1.2928810269385576,0.49578124999999995,0.21309895833333337,1.805444598197937
392,0.35567708333333337,0.11033854166666668,1.2848625263323386,0.4954166666666666,0.21190104166666668,1.5803521871566772
393,0.354765625,0.1118489583333333,1.2857756260285775,0.49583333333333335,0.20994791666666668,1.795499563217163
394,0.35549479166666664,0.11052083333333329,1.2853914883981148,0.4975260416666667,0.212890625,2.128493309020996
395,0.35187500000000005,0.10895833333333338,1.2775243457158407,0.4978125,0.2127083333333334,1.3943291902542114
396,0.35445312500000004,0.11015624999999996,1.2814316452294587,0.491796875,0.211796875,2.022627115249634
397,0.3495572916666667,0.10804687499999999,1.2713797043760617,0.49096354166666667,0.20989583333333328,1.6377947330474854
398,0.35072916666666665,0.108515625,1.2682917164514462,0.4910416666666667,0.21010416666666665,1.6442934274673462
399,0.34692708333333333,0.10757812499999997,1.2613513479133447,0.49330729166666665,0.20776041666666667,1.9788014888763428
400,0.3494270833333334,0.10716145833333335,1.2616491828858853,0.48921875000000004,0.20682291666666663,2.0334842205047607
401,0.3486458333333333,0.10596354166666666,1.2532937742521366,0.492890625,0.20921875,2.023561954498291
